370;JDDT1B77;NULL;77 Pcs tools set;شنطة بلاستيك 16 بوصة 77 قطعة شنيور 12 فولت 1 بطارية 75 قطعة عدة و إكسسوارات;77 Pcs tools set includes: 1Pcs 12V cordless drill, battery pack, USB type-A to type-C cable, 1/4 inch*100mm magnetic shank, 10Pcs 2 inch screwdriver bits (SL4/SL5/SL6/PH1/PH2/PH3/T10/T15/T20/T30), 6 inch combination pliers, 6 inch adjustable wrench, 140mm screwdriver tester | Unit: SET | Catalog Qty/Carton: 6;1856.24;1427.88;1;1;1;1;1;2026-07-30 17:44:25.9366667;NULL;0;uploads/products/default.png
371;JDDT4B77;NULL;77 Pcs tools set;شنطة بلاستيك 16 بوصة 77 قطعة شنيور 12 فولت 1 بطارية 75 قطعة عدة و إكسسوارات;77 Pcs tools set includes: 1Pcs 12V cordless drill(JDCDS518), battery pack, USB type-A to type-C cable, 1/4 inch*100mm magnetic shank, 10Pcs 2 inch screwdriver bits, 6 inch combination pliers, 6 inch adjustable wrench, 140mm screwdriver tester | Unit: SET | Catalog Qty/Carton: 6;1856.40;1428.00;1;1;1;1;1;2026-07-30 17:44:25.9366667;NULL;0;uploads/products/default.png
372;JDCDP521;NULL;Lithium-Ion impact drill;شنيور 20 فولت دقاق + بطارية وشاحن;"Voltage:20V; No-load speed:0-400/0-1500rpm; Max impact rate:22500bpm; Max torque:35Nm; Plastic chuck; Chuck capacity:0.8-10mm; Torque settings:18+1+1; Mechanical 2-speed gear; Integrated LED work light; Includes 1 Pcs 1.5Ah battery pack(JDLBP515) | Unit: PCS | Catalog Qty/Carton: 5";2091.80;1609.08;1;1;1;1;1;2026-07-30 17:44:25.9366667;NULL;0;uploads/products/default.png
373;JDCDP5282;NULL;Compact Brushless Cordless Impact Drill;شنيور براشليس 13 مم 20 فولت دقاق 52 نيوتن 1 بطارية + شاحن;"Brushless motor; Voltage:20V; No-load speed:0-500/0-2000rpm; Max impact rate:30000bpm; Max torque:52Nm; Plastic chuck; Chuck capacity:13mm; Torque settings:22+1+1; Mechanical 2-speed gear; Spindle lock function; Integrated LED work light | Unit: PCS | Catalog Qty/Carton: 5";1978.60;1522.00;1;1;1;1;1;2026-07-30 17:44:25.9366667;NULL;0;uploads/products/default.png
374;JDCDP5281;NULL;Compact Brushless Cordless Impact Drill;شنيور براشليس 13 مم 20 فولت دقاق 52 نيوتن 2 بطارية + شاحن شنطة بلاستيك;"Brushless motor; Voltage:20V; No-load speed:0-500/0-2000rpm; Max impact rate:30000bpm; Max torque:52Nm; Plastic chuck; Chuck capacity:13mm; Torque settings:22+1+1; Mechanical 2-speed gear; Spindle lock function; Integrated LED work light | Unit: PCS | Catalog Qty/Carton: 5";2843.10;2187.00;1;1;1;1;1;2026-07-30 17:44:25.9366667;NULL;0;uploads/products/default.png
375;JDCDP6281;NULL;Compact Brushless Cordless Impact Drill;شنيور براشليس 13 مم 20 فولت دقاق 62 نيوتن 2 بطارية شنطة بلاستيك;"Brushless motor; Voltage:20V; No-load speed:0-500/0-2000rpm; Max impact rate:30000bpm; Max torque:62Nm; Plastic chuck; Chuck capacity:13mm; Torque settings:22+1+1; Mechanical 2-speed gear; Spindle lock function; Integrated LED work light | Unit: PCS | Catalog Qty/Carton: 5";3183.70;2449.00;1;1;1;1;1;2026-07-30 17:44:25.9366667;NULL;0;uploads/products/default.png
376;JDCDP7281;NULL;Compact Brushless Cordless Impact Drill;شنيور براشليس 13 مم 20 فولت دقاق 72 نيوتن ظرف معدن 2 بطارية + شاحن شنطة بلاستيك;"Brushless motor; Voltage:20V; No-load speed:0-500/0-2000rpm; Max impact rate:30000bpm; Max torque:72Nm; Metal chuck; Chuck capacity:13mm; Torque settings:22+1+1; Mechanical 2-speed gear; Spindle lock function; Integrated LED work light | Unit: PCS | Catalog Qty/Carton: 5";3372.20;2594.00;1;1;1;1;1;2026-07-30 17:44:25.9366667;NULL;0;uploads/products/default.png
377;JDCDP9281;NULL;Brushless Cordless Impact Drill;شنيور براشليس 13 مم 20 فولت دقاق 92 نيوتن ظرف معدن 2 بطارية 4 أمبير + شاحن شنطة بلاستيك;"Brushless motor; Voltage:20V; No-load speed:0-500/0-2000rpm; Max impact rate:30000bpm; Max torque:92Nm; Metal chuck; Chuck capacity:13mm; Torque settings:22+1+1; Mechanical 2-speed gear; Spindle lock function; Integrated LED work light | Unit: PCS | Catalog Qty/Carton: 4";5057.00;3890.00;1;1;1;1;1;2026-07-30 17:44:25.9366667;NULL;0;uploads/products/default.png
378;JDDT4B91;NULL;91 Pcs Tools set;كيت شنيور 91 قطعة شنيور براشليس 13 مم 20 فولت دقاق 62 نيوتن 2 بطارية شنطة بلاستيك;"Includes 1 Pcs 20V Lithium-ion impact drill(JDCDP6281); Brushless motor; Voltage:20V; No-load speed:0-500/0-2000rpm; Max impact rate:30000bpm; Max torque:62Nm; Metal chuck; Chuck capacity:13mm; Torque settings:22+1+1; Spindle lock function | Unit: SET | Catalog Qty/Carton: 4";3807.70;2929.00;1;1;1;1;1;2026-07-30 17:44:25.9366667;NULL;0;uploads/products/default.png
379;JDDT4B119;NULL;119 Pcs Tools set;كيت شنيور 119 قطعة شنيور براشليس 13 مم 20 فولت دقاق 62 نيوتن 2 بطارية شنطة بلاستيك;"1 Pcs 20V Lithium-ion impact drill(JDCDP6281); Brushless motor; Voltage:20V; No-load speed:0-500/0-2000rpm; Max impact rate:30000bpm; Max torque:62Nm; Metal chuck; Chuck capacity:13mm; Torque settings:22+1+1; Spindle lock function; 2 Pcs 2.0Ah battery pack(JDLBP520) | Unit: SET | Catalog Qty/Carton: 6";4105.40;3158.00;1;1;1;1;1;2026-07-30 17:44:25.9400000;NULL;0;uploads/products/default.png
380;JDCK20273;NULL;Cordless 2 pcs combo kit;طقم كومبو براشليس شنيور براشليس 13 مم 20 فولت دقاق 62 نيوتن + صاروخ براشليس 4.5 بوصة 20 فولت + 2 بطارية 4 أمبير + شاحن شنطة بلاستيك;"Voltage:20V; With 1pcs Compact Brushless Cordless Impact Drill(JDCDP6281); With 1pcs Cordless angle grinder(JDLAP5322); Impact Drill: Brushless motor, No-load speed 0-500/0-2000rpm, Max impact rate 30000bpm, Max torque 62Nm, Metal chuck, Chuck capacity 13mm, Torque settings 22+1+1 | Unit: SET | Catalog Qty/Carton: 4";5525.00;4250.00;1;1;1;1;1;2026-07-30 17:44:25.9400000;NULL;0;uploads/products/default.png
381;JDLAP5421;NULL;Cordless angle grinder;صاروخ براشليس 4.5 بوصة 20 فولت سرعات 1 بطاريه 4 امبير + شاحن;"Brushless motor; Voltage:20V; Max input power:850W; No-load speed:3000/6000/9000rpm; Disc diameter:115mm; Spindle thread:M14; Includes 1 Pcs 4.0Ah battery pack(JDLBP540), 1 Pcs charger(JDFCP518); Charge volts:220-240V~50/60Hz; Packed by color box | Unit: PCS | Catalog Qty/Carton: 6";2502.50;1925.00;1;1;1;1;1;2026-07-30 17:44:25.9400000;NULL;0;uploads/products/default.png
382;JDLAP5322;NULL;Cordless angle grinder;صاروخ براشليس 4.5 بوصة 20 فولت سرعات 2 بطاريه 4 امبير + شاحن شنطة بلاستيك;"Brushless motor; Voltage:20V; Max input power:950W; No-load speed:3000/6000/9000rpm; Disc diameter:115mm; Spindle thread:M14; Includes 2 Pcs 4.0Ah battery pack(JDLBP540), 1 Pcs charger(JDFCP518); Packed by carrying case | Unit: PCS | Catalog Qty/Carton: 4";4063.80;3126.00;1;1;1;1;1;2026-07-30 17:44:25.9400000;NULL;0;uploads/products/default.png
383;JDLAPB522;NULL;Cordless angle grinder;صاروخ براشليس 4.5 بوصة 20 فولت سرعات 2 بطاريه 4 امبير + شاحن + 5 حجر قطعية 5 بوصة شنطة بلاستيك;"Brushless Motor; Voltage:20V; Max input power:1150W; No-load speed:3000/6000/9000rpm; Disc diameter:115mm; Spindle thread:M14; Includes 1 Set abrasive metal cutting disc(5 Pcs), 2 Pcs 4.0Ah battery pack(JDLBP540), 1 Pcs charger(JDFCP518) | Unit: PCS | Catalog Qty/Carton: 4";4570.80;3516.00;1;1;1;1;1;2026-07-30 17:44:25.9400000;NULL;0;uploads/products/default.png
384;JDLM1516;NULL;Cordless rotary hammer;شاكوش 20 فولت 16 مم بدون البطارية و الشاحن;"Voltage:20V; No-load speed:0-850rpm; Impact rate:0-5100bpm; Impact energy:1.5J; Max drilling capacity:16mm in concrete; SDS plus chuck system; Integrated LED work light; Includes 3 Pcs drills; Charger sold separately | Unit: PCS | Catalog Qty/Carton: 4";2016.30;1551.00;1;1;1;1;1;2026-07-30 17:44:25.9400000;NULL;0;uploads/products/default.png
385;JDLM15225;NULL;Cordless rotary hammer;شاكوش بطارية براشليس 20 فولت 22 مم + طقم بنط + اجنة + 2 بطارية + شاحن شنطة بلاستيك;"Brushless motor; Voltage:20V; No-load speed:0-1100rpm; Impact rate:0-5400bpm; Impact energy:2.0J; Max drilling capacity: Concrete 22mm, Steel 13mm, Wood 28mm; SDS Plus chuck system; Integrated LED work light | Unit: PCS | Catalog Qty/Carton: 4";4716.40;3628.00;1;1;1;1;1;2026-07-30 17:44:25.9400000;NULL;0;uploads/products/default.png
386;JDLM1B283;NULL;Cordless rotary hammer;شاكوش بطارية براشليس 20 فولت 28 مم + طقم بنط + اجنة + 2 بطارية + شاحن شنطة بلاستيك;"Brushless motor; Voltage:20V; No-load speed:0-930rpm; Impact rate:0-4400bpm; Impact energy:4.5J; Max drilling capacity: Concrete 28mm, Steel 13mm, Wood 40mm; SDS Plus chuck system | Unit: PCS | Catalog Qty/Carton: 2";6630.00;5100.00;1;1;1;1;1;2026-07-30 17:44:25.9400000;NULL;0;uploads/products/default.png
387;JDLM1528;NULL;Cordless rotary hammer;شاكوش براشليس 20 فولت 28 مم بنط هيلتي + 2 أجنة بدون بطارية و شاحن;"Brushless motor; Voltage:20V; No-load speed:0-930rpm; Impact rate:0-4400bpm; Impact energy:4.5J; Max drilling capacity: Concrete 28mm, Steel 13mm, Wood 40mm; SDS Plus chuck system | Unit: PCS | Catalog Qty/Carton: 4";4452.50;3425.00;1;1;1;1;1;2026-07-30 17:44:25.9400000;NULL;0;uploads/products/default.png
388;JDCD3B21;NULL;Cordless impact driver&wrench;دريل 1/2 بوصة و مفك بطارية 1/4 بوصة 2*1 براشليس 20 فولت 3 سرعات عزم 210 نيوتن 2 بطاريه 2 امبير + شاحن + شنطة بلاستيك;"Brushless motor; Voltage:20V; Square drive:1/2 inch; Hex shank:6.35mm; No-load speed:0-2000/0-2400/0-2600rpm; Impact rate:0-2100/0-2500/0-2900bpm; Max torque:210Nm; Integrated LED work light; Includes 1 Pcs screwdriver bit, 1 Pcs 19mm socket | Unit: PCS | Catalog Qty/Carton: 1";3428.10;2637.00;1;1;1;1;1;2026-07-30 17:44:25.9400000;NULL;0;uploads/products/default.png
389;JDCD1B48;NULL;Cordless impact wrench;دريل 1/2 بوصة براشليس 20 فولت 3 سرعات (عزم 480:600 نيوتن) 2 بطاريه 3 امبير + شاحن 3 لقم رباط + شنطة بلاستيك;"Brushless motor; Voltage:20V; Square drive:1/2 inch; No-load speed:0-1200/0-1800/0-2200rpm; Impact rate:0-2400/0-2800/0-3300bpm; Fastening torque:480Nm; Nut-Busting torque:600Nm; Integrated work light; Includes 3 Pcs sockets(21,22,24mm), 2 Pcs 3.0Ah battery pack(JDLBP530) | Unit: PCS | Catalog Qty/Carton: 5";5075.20;3904.00;1;1;1;1;1;2026-07-30 17:44:25.9400000;NULL;0;uploads/products/default.png
390;JDCD1B128;NULL;Cordless impact wrench;دريل 3/4 بوصة براشليس 20 فولت 3 سرعات (عزم 1280:1800 نيوتن) 2 بطاريه 5 امبير + شاحن + 2 لقم رباط + شنطة بلاستيك;"Brushless motor; Voltage:20V; Square drive:3/4 inch; No-load speed:0-900/0-1200/0-1800rpm; Impact rate:0-1800/0-2000/0-2200bpm; Fastening torque:1280Nm; Nut-Busting torque:1800Nm; Includes 2 Pcs 5.0Ah battery pack(JDLBP550), 1 Pcs charger(JDFCP518) | Unit: PCS | Catalog Qty/Carton: 2";10511.80;8086.00;1;1;1;1;1;2026-07-30 17:44:25.9400000;NULL;0;uploads/products/default.png
391;JDCV4401;NULL;Lithium-Ion cordless screwdriver;مفك زاوية بطارية 4 فولت + 2 سن مفك;"Voltage:4V; Hex Shank:1/4 inch; No-load speed:240rpm; Max torque:4Nm; Charging via USB type-C cable(cable sold separately); Integrated LED work light; Includes 2 Pcs 50mm Cr-V bits | Unit: PCS | Catalog Qty/Carton: 20";451.10;347.00;1;1;1;1;1;2026-07-30 17:44:25.9400000;NULL;0;uploads/products/default.png
392;JDCD2B21;NULL;Cordless impact driver;مفك بطارية 1/4 بوصة براشليس 20 فولت 3 سرعات عزم 210 نيوتن 2 بطاريه 2 امبير + شاحن + شنطة بلاستيك;"Brushless motor; Voltage:20V; Hex shank:6.35mm; No-load speed:0-2000/0-2400/0-2600rpm; Impact rate:0-2100/0-2500/0-2900bpm; Max torque:210Nm; Includes 1 Pcs screwdriver bit, 3 Pcs nut setters, 2 Pcs 2.0Ah battery pack(JDLBP520) | Unit: PCS | Catalog Qty/Carton: 5";2809.30;2161.00;1;1;1;1;1;2026-07-30 17:44:25.9400000;NULL;0;uploads/products/default.png
393;JDQX0120;NULL;Cordless pressure washer;مكنة غسيل براشليس 20 فولت 25 بار + مشتملات بدون بطارية و شاحن;"Voltage:20V; Max pressure:24.5Bar; Flow rate:2.5L/min; Auto stop system; Includes 1 Set 2-pattern spray gun, 1 Pcs 3m water inlet hose with quick connector, 1 Pcs 300ml foam producer; Battery and charger sold separately | Unit: PCS | Catalog Qty/Carton: 6";1368.90;1053.00;1;1;1;1;1;2026-07-30 17:44:25.9400000;NULL;0;uploads/products/default.png
394;JDQX01203;NULL;Cordless pressure washer;مكنة غسيل براشليس 20 فولت 25 بار + مشتملات + بطارية 2 أمبير + شاحن;"Voltage:20V; Max pressure:24.5Bar; Flow rate:2.5L/min; Auto stop system; Includes spray gun set, water inlet hose, foam producer, 1 Pcs 2Ah 20V battery pack(JDLBP520), 1 Pcs charger(JDFCP518) | Unit: PCS | Catalog Qty/Carton: 6";2260.70;1739.00;1;1;1;1;1;2026-07-30 17:44:25.9400000;NULL;0;uploads/products/default.png
395;JDLV0801;NULL;Cordless vacuum cleaner;مكنسة بطارية شحن 8 فولت Type C بطارية 2000 امبير;"Voltage:8V; Dust capacity:0.45L; Vacuum pressure:>=6kPa; Battery type:2000mAh; USB type-C charger system; Includes 1 Pcs charger cable, 1 Pcs crevice nozzle | Unit: PCS | Catalog Qty/Carton: 8";998.40;768.00;1;1;1;1;1;2026-07-30 17:44:25.9400000;NULL;0;uploads/products/default.png
396;JDLV20201;NULL;Cordless vacuum cleaner;مكنسه بطاريه 20 فولت مع بطاريه و شاحن;"Voltage:20V; Dust capacity:0.45L; Vacuum pressure:>=8kpa; Includes 1 Pcs crevice nozzle, 1 Pcs 2Ah battery pack(JDLBP520), 1 Pcs charger(JDFCP518) | Unit: PCS | Catalog Qty/Carton: 8";1680.90;1293.00;1;1;1;1;1;2026-07-30 17:44:25.9400000;NULL;0;uploads/products/default.png
397;JDLV2020;NULL;Cordless vacuum cleaner;مكنسة بطارية 20 فولت بدون بطارية و شاحن;"Voltage:20V; Dust Capacity:0.45L; Vacuum Pressure:>=8kpa; Battery and charger sold separately; Includes 1 pcs crevice nozzle | Unit: PCS | Catalog Qty/Carton: 8";808.60;622.00;1;1;1;1;1;2026-07-30 17:44:25.9400000;NULL;0;uploads/products/default.png
398;JDLY1508;NULL;Lithium-ion jump starter;باور بنك لبطارية السيارة Jump Starter 8000MAH بداية تيار الطاقة 200 أمبير أقصى قدرة للتيار 400 أمبير;"Voltage:12V; Battery Capacity:8000mAh; Start Amp:200A; Peak Amp:400A; Suitable for upto 3L gasoline engines; Built-in LED flashlight with strobe and SOS; Accessories: Micro USB, Smart clamps, travel pouch | Unit: PCS | Catalog Qty/Carton: 10";3086.20;2374.00;1;1;1;1;1;2026-07-30 17:44:25.9400000;NULL;0;uploads/products/default.png
399;JDLY1512;NULL;Lithium-ion jump starter;باور بنك لبطارية السيارة Jump Starter 12000MAH بداية تيار الطاقة 300 أمبير أقصى قدرة للتيار 600 أمبير;"Voltage:12V; Battery Capacity:12000mAh; Start Amp:300A; Peak Amp:600A; Suitable for upto 4L gasoline engines; LCD display; Dual 2.4A USB ports; Built-in LED flashlight with strobe and SOS | Unit: PCS | Catalog Qty/Carton: 6";3666.00;2820.00;1;1;1;1;1;2026-07-30 17:44:25.9400000;NULL;0;uploads/products/default.png
400;JDLN2520;NULL;Cordless auto air compressor;كمبيوسير سياره 20 فولت 10.5 بار بدون بطارية و بدون شاحن;"Voltage:20V; Max pressure:150PSI/10.5Bar; With 3pcs adaptors; Battery and charger sold separately | Unit: PCS | Catalog Qty/Carton: 4";1028.30;791.00;1;1;1;1;1;2026-07-30 17:44:25.9400000;NULL;0;uploads/products/default.png
401;JDAAC511;NULL;Auto air compressor;كمبروسير سياره ديجيتال 12 فولت 11 بار يعمل علي الولاعه;"Voltage:12V; Max pressure:160PSI/11Bar; Max air flow:35L/min; Integrated work light; With 1pcs 3m cord with cigarette lighter; With 3pcs adaptors | Unit: PCS | Catalog Qty/Carton: 10";1560.00;1200.00;1;1;1;1;1;2026-07-30 17:44:25.9400000;NULL;0;uploads/products/default.png
402;JDBLP521;NULL;Cordless blower;بلاور حدائق بطارية 20 فولت + بطارية 2 أمبير + شاحن;"Voltage:20V; No-load speed:15000rpm; Average air volume:8.5m3/min; Max air speed:115km/h; Includes 1 Pcs 2.0Ah 20V battery pack(JDLBP520), 1 Pcs charger(JDFCP518) | Unit: PCS | Catalog Qty/Carton: 4";2228.20;1714.00;1;1;1;1;1;2026-07-30 17:44:25.9400000;NULL;0;uploads/products/default.png
403;JDJFP525;NULL;Cordless gauge straight shear;مقص حدائق بطارية 20 فولت بدون بطارية وشاحن;"Brushless motor; Voltage:20V; Cutting diameter:25mm; Includes 1 Pcs oil bottle(empty), 1 Pcs sharpening stone; Battery and charger sold separately | Unit: PCS | Catalog Qty/Carton: 12";3010.80;2316.00;1;1;1;1;1;2026-07-30 17:44:25.9400000;NULL;0;uploads/products/default.png
404;JDSU3066;NULL;Cordless spray gun;مسدس دوكو بطارية 20 فولت بنتة بلاستيك عدل سعة 800 مل بدون بطارية و شاحن;"Voltage:20V; Spraying pressure:0.1-0.2Bar; Max flow:650mL/min; Max viscosity:100DIN-s; Container capacity:800ml; Includes viscosity measuring cup, nozzle cleaning needle | Unit: PCS | Catalog Qty/Carton: 8";1198.60;922.00;1;1;1;1;1;2026-07-30 17:44:25.9400000;NULL;0;uploads/products/default.png
405;JDUB1501;NULL;USB type-A to type-C cable;وصله تايب سي;"Cable length:1m; Max charge current:3A; Packed by plastic bag | Unit: PCS | Catalog Qty/Carton: 120";33.80;26.00;1;1;1;1;1;2026-07-30 17:44:25.9400000;NULL;0;uploads/products/default.png
406;JDLBP520;NULL;Lithium-Ion battery pack;بطاريه 20 فولت 2 أمبير;"Voltage:20V; Lithium-Ion 2.0Ah battery; LED battery power indicator; One battery fits all P20S multiple tools | Unit: PCS | Catalog Qty/Carton: 20";777.40;598.00;1;1;1;1;1;2026-07-30 17:44:25.9400000;NULL;0;uploads/products/default.png
407;JDLBP540;NULL;Lithium-Ion battery pack;بطاريه 20 فولت 4 أمبير;"Voltage:20V; Lithium-Ion 4.0Ah battery; LED battery power indicator; One battery fits all P20S multiple tools | Unit: PCS | Catalog Qty/Carton: 12";1366.30;1051.00;1;1;1;1;1;2026-07-30 17:44:25.9400000;NULL;0;uploads/products/default.png
408;JDMD15651;NULL;Impact drill;شنيور 13 مم دقاق إلكتروني 650 واط يمين/شمال;"Voltage:220-240V~50/60Hz; Input power:650W; No-load speed:0-3000rpm; Max drilling capacity:13mm; Variable speed control; Forward/Reverse switch; Hammer function | Unit: PCS | Catalog Qty/Carton: 10";1058.20;814.00;1;1;1;1;1;2026-07-30 17:44:25.9400000;NULL;0;uploads/products/default.png
409;JDRH1D26;NULL;Rotary hammer;شاكوش عدل 26 مم 800 وات نخريم تكسير;"Voltage:220-240V~50/60Hz; Input power:800W; No-load speed:0-1100rpm; Impact rate:0-4000bpm; Impact energy:2.5J; Max drilling capacity: Concrete 26mm, Steel 13mm, Wood 30mm; SDS plus chuck system; With 3 drills and 2 chisels | Unit: PCS | Catalog Qty/Carton: 4";2429.70;1869.00;1;1;1;1;1;2026-07-30 17:44:25.9400000;NULL;0;uploads/products/default.png
410;JDRH1D26-2;NULL;Rotary hammer;شاكوش عدل تخريم تكسير 2 ظرف 26 مم 800 واط شنطة بلاستيك;"Voltage:220-240V~50/60Hz; Input power:800W; No-load speed:0-1100rpm; Impact rate:0-4000bpm; Impact energy:2.5J; Max drilling capacity: Concrete 26mm, Steel 13mm, Wood 30mm; SDS plus chuck system; 1 Pcs keyless quick-change chuck | Unit: PCS | Catalog Qty/Carton: 4";2847.00;2190.00;1;1;1;1;1;2026-07-30 17:44:25.9400000;NULL;0;uploads/products/default.png
411;JDRH3D38;NULL;Rotary hammer;شاكوش 38 مم ماكس 1600 وات نخريم وتكسير;"Voltage:220-240V~50/60Hz; Input power:1600W; No-load speed:630rpm; Impact rate:3850bpm; Impact energy:10J; Max drilling capacity: Concrete 40mm, Core bit 100mm; SDS MAX chuck system; Chisel-locking system; Anti-vibration system | Unit: PCS | Catalog Qty/Carton: 2";5478.20;4214.00;1;1;1;1;1;2026-07-30 17:44:25.9400000;NULL;0;uploads/products/default.png
412;JDAG851801;NULL;Angle grinder;صاروخ 7 بوصة 1800 واط;"Voltage:220-240V~50/60Hz; Input power:1800W; No-load speed:8480rpm; Disc diameter:180mm; Spindle thread:M14; With 1pcs auxiliary handle; Disc not included | Unit: PCS | Catalog Qty/Carton: 2";3118.70;2399.00;1;1;1;1;1;2026-07-30 17:44:25.9400000;NULL;0;uploads/products/default.png
413;JDAG852001;NULL;Angle grinder;صاروخ 9 بوصة 2000 واط;"Voltage:220-240V~50/60Hz; Input power:2000W; No-load speed:6500rpm; Disc diameter:230mm; Spindle thread:M14; With 1pcs auxiliary handle; Disc not included | Unit: PCS | Catalog Qty/Carton: 2";3152.50;2425.00;1;1;1;1;1;2026-07-30 17:44:25.9400000;NULL;0;uploads/products/default.png
414;JDRY1D131;NULL;Mini grinder;ميني كرافت 130 وات سرعات 35000 لفه/د + فليكسابل + 52 قطعة اكسسوار;"Voltage:220-240V~50/60Hz; Input power:130W; No-load speed:8000-35000rpm; Collet size:3.2mm; Variable speed control; Includes 1 Pcs flexible shaft, 52 Pcs accessories | Unit: PCS | Catalog Qty/Carton: 5";1080.30;831.00;1;1;1;1;1;2026-07-30 17:44:25.9400000;NULL;0;uploads/products/default.png
415;JDRR5032;NULL;Glass and stone working set for mini drill;طقم اكسسوار ميني كرافت 32 قطعة;"32Pcs set for grinding and sanding; Cut-Off wheel, abrasive buff, grinding stones, sanding bands, sanding discs, mandrels, sanding drum | Unit: SET | Catalog Qty/Carton: 40";140.40;108.00;1;1;1;1;1;2026-07-30 17:44:25.9400000;NULL;0;uploads/products/default.png
416;JDRR7080;NULL;Accessories of mini drill;طقم اكسسوار ميني كرافت 80 قطعة;"80Pcs general purpose set; sanding bands, grinding stones, nylon brush, mandrels, high speed cutter, polishing wheels, reinforced cut-off wheels, polishing compound, cut-off wheels, sanding discs | Unit: SET | Catalog Qty/Carton: 40";201.50;155.00;1;1;1;1;1;2026-07-30 17:44:25.9433333;NULL;0;uploads/products/default.png
417;JDLT155001;NULL;Laminate trimmer;راوتر 500 واط 6 مم;"Voltage:220-240V~50/60Hz; Input power:500W; No-load speed:28000rpm; Collet size:6mm and 1/4 inch; Includes wrenches, template guide, horizontal guide rail, linear guide, roller components | Unit: PCS | Catalog Qty/Carton: 6";1609.40;1238.00;1;1;1;1;1;2026-07-30 17:44:25.9433333;NULL;0;uploads/products/default.png
418;JDER1516001;NULL;Electric router;راوتر 1600 واط 6-8-12 مم;"Voltage:220-240V~50/60Hz; Input power:1600W; No-load speed:22000rpm; Collet size:6mm,8mm,12mm,1/4 inch,1/2 inch; Plunge capacity:0-60mm; Includes guide holder, template guide, trimmer guide, straight guide | Unit: PCS | Catalog Qty/Carton: 2";3472.30;2671.00;1;1;1;1;1;2026-07-30 17:44:25.9433333;NULL;0;uploads/products/default.png
419;JDAB15401;NULL;Aspirator blower;بلاور 400 واط;"Voltage:220-240V~50/60Hz; Input power:400W; No-load speed:14000rpm; Max blowing rate:3.0m3/min; With 1pcs blowing pipe | Unit: PCS | Catalog Qty/Carton: 8";824.20;634.00;1;1;1;1;1;2026-07-30 17:44:25.9433333;NULL;0;uploads/products/default.png
420;JDHG1516;NULL;Heat gun;مسدس تسخين 2 درجة 1600 واط;"Voltage:220-240V~50/60Hz; Input power:1600W; Temperature:400C/500C; Airflow:250/480 L/min; Includes 1 Pcs reduction nozzle | Unit: PCS | Catalog Qty/Carton: 10";617.50;475.00;1;1;1;1;1;2026-07-30 17:44:25.9433333;NULL;0;uploads/products/default.png
421;JDEG2A50;NULL;Spray gun;مسدس دوكو 550 واط 0.2 بار 800 ملي + مشتملات;"Voltage:220-240V~50/60Hz; Input power:550W; Spraying pressure:0.1-0.2Bar; Max flow:700ml/min; Max viscosity:120DIN-s; Container capacity:800ml; Power cord length:2.0m; Accessories: viscosity measuring cup, nozzle cleaning needle, shoulder strap | Unit: PCS | Catalog Qty/Carton: 4";1393.60;1072.00;1;1;1;1;1;2026-07-30 17:44:25.9433333;NULL;0;uploads/products/default.png
422;JDDM6501;NULL;Digital AC clamp meter;بنسة أمبير 200 A;"Display:True RMS 2000counts; AC Current:2A/20A/200A; AC Voltage:2V/20V/200V/600V; DC Voltage:200mV/2V/20V/200V/600V; Resistance range up to 20MOhm; Data Hold; Diode test; Low battery indication; Auto power off; With 2pcs R03 AAA batteries | Unit: PCS | Catalog Qty/Carton: 40";661.70;509.00;1;1;1;1;1;2026-07-30 17:44:25.9433333;NULL;0;uploads/products/default.png
423;JDTP3501;NULL;AC voltage detector;جهاز كشف التيار الكهربائي 12 فولت 1000 فولت/تيار متردد;"AC Voltage:12V~1000V(High sensitivity), 48V~1000V(Low sensitivity); Frequency:50/60Hz; Alarm mode: Sound and light alarm; Flash light: white LED; Auto power off; With 2pcs R03 AAA batteries | Unit: PCS | Catalog Qty/Carton: 40";175.50;135.00;1;1;1;1;1;2026-07-30 17:44:25.9433333;NULL;0;uploads/products/default.png
424;JDDM2501;NULL;Digital multimeter;مالتيميتر ديجيتال 600 فولت;"Display:True RMS 4000counts; Temperature measurement; DC/AC Voltage up to 600V; DC/AC Current up to 10A; Resistance up to 40MOhm; Capacitance up to 4mF; Frequency up to 4mHz; Non-contact voltage detection; Diode test | Unit: PCS | Catalog Qty/Carton: 30";763.10;587.00;1;1;1;1;1;2026-07-30 17:44:25.9433333;NULL;0;uploads/products/default.png
425;JDDM94011;NULL;Electrical test kit;طقم معدات قياس كهرباء 3 قطع بنسة كلامب أمبير 200 أمبير + جهاز مالتيميتر ديجيتال 600 فولت + جهاز كشف التيار الكهربائي 12 فولت 1000 فولت/تيار متردد;"3pcs/set includes: digital AC clamp meter(JDDM6501), digital multimeter(JDDM1501), AC voltage detector; Display True RMS 2000counts; Data Hold; Diode test | Unit: SET | Catalog Qty/Carton: 20";958.10;737.00;1;1;1;1;1;2026-07-30 17:44:25.9433333;NULL;0;uploads/products/default.png
426;JDLE1M03;NULL;Self-leveling line laser;ميزان ليزر 15 متر 2 خط أحمر;"Red laser level; Working Range:0~15m; Levelling accuracy:+-2mm@5m; Line accuracy:+-2mm@5m; Levelling time:<=3s; Self-levelling angle:<=4deg; Laser type:635+-5nm; Laser Class II <1mW; With laser cross lock function; With horizontal and vertical line function | Unit: PCS | Catalog Qty/Carton: 30";1463.80;1126.00;1;1;1;1;1;2026-07-30 17:44:25.9433333;NULL;0;uploads/products/default.png
427;JDLE8M12;NULL;Cordless 3D laser level;ميزان ليزر 30 متر 12 خط اخضر 360 درجة ثلاثى الابعاد بطارية;"Green laser level; Voltage:12V; Working Range:0~30m; Self-levelling angle<=4deg; Laser class II <1mW; With 1*360deg horizontal and 2*360deg vertical laser line; 1 Pcs 1.5Ah battery pack; Battery charging port: USB type-C; Charger sold separately | Unit: PCS | Catalog Qty/Carton: 8";6163.30;4741.00;1;1;1;1;1;2026-07-30 17:44:25.9433333;NULL;0;uploads/products/default.png
428;JDAY1A10;NULL;Airless paint sprayer;مكنة إيرليس 1200 واط تصريف 1.6 لتر/د قوة 315 بار;"Voltage:220-240V~50/60Hz; Motor rating power:1200W; Max pressure:20.7MPa; Max Fluid delivery:1600ml/min; 7.5m black pipe; Weight:11kg; Automatic oiling system; With 517 nozzle spray gun | Unit: PCS | Catalog Qty/Carton: 1";10656.10;8197.00;1;1;1;1;1;2026-07-30 17:44:25.9433333;NULL;0;uploads/products/default.png
429;JDVR6520;NULL;Vacuum cleaner;مكنسة هوفر خدمة شاقة 1600 واط;"Voltage:220V-240V~50/60Hz; Power:1600W; Pure copper wire motor; Suction power:260~330W; Capacity:1.8L; With speed control function; With automatic cable rewinder; HEPA filter; Air flow:2.0~2.3 m3/min; Vacuum pressure(kPa):>=20 kPa; With soft start | Unit: PCS | Catalog Qty/Carton: 1";3468.40;2668.00;1;1;1;1;1;2026-07-30 17:44:25.9433333;NULL;0;uploads/products/default.png
430;JDHP1A12;NULL;High pressure washer;مكنة غسيل ضغط عالي 90 بار موتور 1200 واط خرطوم 8 متر + مشتملات (تحضير ذاتي);"Voltage:220-240V~50Hz; Aluminum wire induction motor; Input power:1200W; Max pressure:90Bar(1305PSI); Flow rate:5.0L/min; Auto stop system; Includes water spray gun, 8m high pressure metal hose, 2m inlet hose, quick connecter | Unit: PCS | Catalog Qty/Carton: 1";3959.80;3046.00;1;1;1;1;1;2026-07-30 17:44:25.9433333;NULL;0;uploads/products/default.png
431;JDHP3A14;NULL;High pressure washer;مكنة غسيل ضغط عالي 110 بار موتور 1400 واط خرطوم 5 متر + مشتملات;"Voltage:220-240V~50/60Hz; Carbon brush motor; Aluminum wire; Input power:1400W; Max pressure:110Bar(1595PSI); Flow rate:5.6L/min; Auto stop system; Includes water spray gun, 5m high pressure hose, water inlet screw | Unit: PCS | Catalog Qty/Carton: 1";2926.30;2251.00;1;1;1;1;1;2026-07-30 17:44:25.9433333;NULL;0;uploads/products/default.png
432;JDHP3A18;NULL;High pressure washer;مكنة غسيل ضغط عالي 130 بار موتور 1800 واط خرطوم 5 متر + مشتملات;"Voltage:220-240V~50/60Hz; Carbon brush motor; Aluminum wire; Input power:1800W; Max pressure:130Bar(1885PSI); Flow rate:5.8L/min; Auto stop system; Includes soap bottle, water spray gun, 5m high pressure hose | Unit: PCS | Catalog Qty/Carton: 1";3772.60;2902.00;1;1;1;1;1;2026-07-30 17:44:25.9433333;NULL;0;uploads/products/default.png
433;JDXN1536;NULL;Integrated rotary nozzle;فوهة دوارة 360 درجة لماكينة الغسيل;"360deg nozzle; Integrated rotary nozzle; Suitable for JDHP1A11/JDHP3A12/JDHP3A14/JDHP3A18/JDHP1A12 high pressure washer | Unit: PCS | Catalog Qty/Carton: 50";197.60;152.00;1;1;1;1;1;2026-07-30 17:44:25.9433333;NULL;0;uploads/products/default.png
434;JDWDH1301;NULL;Inverter MMA welding machine;ماكينه لحام جديدة انفرتر 130 امبير;"IGBT inverter technology; Input voltage:1~220-240V; Frequency:50/60Hz; Output current:15-130A; Duty cycle:130A@20%; No-load voltage:62V; Max output current:130A; Diameter of electrode:1.6-3.2mm | Unit: PCS | Catalog Qty/Carton: 2";3439.80;2646.00;1;1;1;1;1;2026-07-30 17:44:25.9433333;NULL;0;uploads/products/default.png
435;JDWD11301;NULL;Inverter MMA welding machine;ماكينة لحام إنفيرتر 130 أمبير + طقم إكسسوارات;"IGBT inverter technology; Input voltage:1~220-240V; Frequency:50/60Hz; Output current:10-130A; Duty cycle:130A@30%; LED display; No-load voltage:65V; Max output current:130A; Diameter of electrode:1.6-3.2mm; Anti-stick/Hot start/Arc-force; With electrode holder with cable | Unit: PCS | Catalog Qty/Carton: 4";3113.50;2395.00;1;1;1;1;1;2026-07-30 17:44:25.9433333;NULL;0;uploads/products/default.png
436;JDWD31601;NULL;Inverter MMA welding machine;ماكينة لحام إنفيرتر 160 أمبير + طقم إكسسوارات MINI;"IGBT inverter technology; Input voltage:1~220-240V; Frequency:50/60Hz; Output current:20-160A; Duty cycle:160A@60%; LED display; No-load voltage:65V; Max output current:160A; Diameter of electrode:1.6-4.0mm; Anti-stick/Hot start/Arc-force | Unit: PCS | Catalog Qty/Carton: 2";4462.90;3433.00;1;1;1;1;1;2026-07-30 17:44:25.9433333;NULL;0;uploads/products/default.png
437;JDEL5606;NULL;Soldering gun with solder feeder;مسدس لحام قصدير 60 واط;"Voltage:220-240V~50/60Hz; Input power:60W; Preheat time:1~2minutes; Straight, tip head; With Solder Wire Feeder; Built-in ceramic heating element; Long life replaceable tip | Unit: PCS | Catalog Qty/Carton: 48";338.00;260.00;1;1;1;1;1;2026-07-30 17:44:25.9433333;NULL;0;uploads/products/default.png
438;JDEH1A03;NULL;Electrode holder;بنسة لحام 300 أمبير;"Rated current:300A; Length:230mm; New design; Suitable for MMA welding machine | Unit: PCS | Catalog Qty/Carton: 40";176.80;136.00;1;1;1;1;1;2026-07-30 17:44:25.9433333;NULL;0;uploads/products/default.png
439;JDPG1801;NULL;PU coated gloves;جوانتي حمايه مقاس XL;"Liner Material:Polyester; Coating material/Finish:PU; Gauge:13; Protection level:3131X; 12pairs/paper; seamless knit glove with polyurethane coated smooth grip, ideal for general duty work | Unit: PAIR | Catalog Qty/Carton: 300";24.70;19.00;1;1;1;1;1;2026-07-30 17:44:25.9433333;NULL;0;uploads/products/default.png
440;JDGV2801;NULL;Nitrile glove;جوانتى لاعمال الشحومات والزيت مقاس XL;"For oil environment worker etc.; Nitrile coated palm, smooth and rough-texture palm finish | Unit: PAIR | Catalog Qty/Carton: 240";26.00;20.00;1;1;1;1;1;2026-07-30 17:44:25.9433333;NULL;0;uploads/products/default.png
441;JDXG3801;NULL;Latex gloves;جوانتى لاتيكس مقاس XL;"Liner Material:Polyester; Coating material/Finish:Latex; Gauge:10; 12pairs/paper; Anti-slip and anti-tear latex material, good grip and anti-slip effect, strong tear resistance | Unit: PAIR | Catalog Qty/Carton: 240";37.70;29.00;1;1;1;1;1;2026-07-30 17:44:25.9433333;NULL;0;uploads/products/default.png
442;JDLG2114;NULL;Welding leather gloves;جوانتى جلد لأعمال اللحام و الحدادة طول 14 بوصة;"Length:14 inch; Material:cowhide; Gauntlet cuff for better protection; Reinforced at stress points with strong stitches; Ideal for gardening, cycling, welding, woodworking, cutting, construction | Unit: PAIR | Catalog Qty/Carton: 48";258.70;199.00;1;1;1;1;1;2026-07-30 17:44:25.9433333;NULL;0;uploads/products/default.png
443;JDTR8510;NULL;Tile cutter;ماكينة تقطيع سيراميك 100 سم;"Max cutting length:1000mm; Max cutting thickness:14mm; Steel base size:1200X200mm; Product weight:13.7kg; Blade size:22X6X2mm | Unit: PCS | Catalog Qty/Carton: 2";3251.30;2501.00;1;1;1;1;1;2026-07-30 17:44:25.9433333;NULL;0;uploads/products/default.png
444;JDGEAA01;NULL;Gasoline generator;مولد كهرباء بنزين 0.650-0.850 كيلو;"Rated voltage:220-240V; Rated frequency:50Hz; Max output:0.8kW; Rated output:0.65kW; Rated speed:3000rpm; Engine:2 stroke; Displacement:63cc; Cooling system:air-cooled; Starting system:recoil; Fuel tank:4.0L | Unit: PCS | Catalog Qty/Carton: 1";5850.00;4500.00;1;1;1;1;1;2026-07-30 17:44:25.9433333;NULL;0;uploads/products/default.png
445;JDGEAA056D;NULL;Gasoline generator;مولد كهرباء بنزين / مارش 2.5-2.8 كيلو;"Rated voltage(V):220-240; Rated frequency(Hz):50; Max output(kW):2.8; Rated output(kW):2.5; Rated speed(rpm):3000; Engine:4 stroke,OHV; Displacement(mL):212; Cooling system:Air-cooled; Ignition system:T.C.I; Starting system:recoil+electric | Unit: PCS | Catalog Qty/Carton: 1";14275.30;10981.00;1;1;1;1;1;2026-07-30 17:44:25.9466667;NULL;0;uploads/products/default.png
446;JDGEAA096;NULL;Gasoline generator;مولد كهرباء 7 كيلو صافى 6 كيلو مارش;"Rated voltage:220-240V; Rated frequency:50Hz; Max output:7.0kW; Rated output:6.0kW; Rated speed:3000rpm; Engine:4 stroke, OHV; Displacement:420cc; Cooling system:air-cooled; Ignition system:T.C.I; Starting system:recoil+electric; Copper coil alternator | Unit: PCS | Catalog Qty/Carton: 1";30199.00;23230.00;1;1;1;1;1;2026-07-30 17:44:25.9466667;NULL;0;uploads/products/default.png
447;JDGEAA11;NULL;Gasoline generator;مولد كهرباء بنزين مزود بزر تشغيل 8.5-9 كيلو + عجل;"Rated voltage:220-240V; Rated frequency:50Hz; Max output:9.0kW; Rated output:8.5kW; Rated speed:3000rpm; Engine:4 stroke,OHV; Displacement:457cc; Cooling system:air-cooled; Ignition system:T.C.I; Starting system:one push start; Copper coil alternator | Unit: PCS | Catalog Qty/Carton: 1";38932.40;29948.00;1;1;1;1;1;2026-07-30 17:44:25.9466667;NULL;0;uploads/products/default.png
448;JDPC1A01;NULL;Automatic pump control;فلوماك 1.5:10 بار 10 امبير;"Automatic pump control; Rated voltage:220-240V; Frequency:50/60Hz; Starting pressure:1.5bar; Max current:10A; Max pressure:10bar; Pipe diameter:1 inch x1 inch; Protection degree:IP65 | Unit: PCS | Catalog Qty/Carton: 12";923.00;710.00;1;1;1;1;1;2026-07-30 17:44:25.9466667;NULL;0;uploads/products/default.png
449;JDWPJA04;NULL;Water pump;موتور مياة قوة 1.5 حصان ساقية ستانليس ستيل;"Self-priming Jet Pump; Voltage:220-240V~50Hz; Rated power:1100W(1.5HP); Max head:55m; Max flow:63L/min; Max suction:9m; Pipe diameter:1 inch x1 inch; Aluminum wire motor; Stainless steel impeller | Unit: PCS | Catalog Qty/Carton: 1";3300.30;2538.69;1;1;1;1;1;2026-07-30 17:44:25.9466667;NULL;0;uploads/products/default.png
450;JDAX1505;NULL;5 Pcs Air tools set;طقم مسدسات هواء مسدس دوكو مقلوب 600 سم، مسدس غسيل جاز، خرطوم سوستة 5 متر، مسدس هوا، مسدس تزويد كاوتش بالعداد;"Air tools 5pcs set; Recoil hose length 5m diameter 8mm; Air blow gun nozzle length 16mm; Air spray gun operating pressure 3-4bar, paint capacity 600cc, pattern width 180-250mm; Air washing gun | Unit: SET | Catalog Qty/Carton: 10";972.40;748.00;1;1;1;1;1;2026-07-30 17:44:25.9466667;NULL;0;uploads/products/default.png
451;JDQG1910;NULL;Air hose;خرطوم هواء 5*8 مم 10 متر سوسته;"Material:PE; Length:10M; Only with threaded connectors; Inner diameter:5mm; External diameter:8mm | Unit: PCS | Catalog Qty/Carton: 25";141.70;109.00;1;1;1;1;1;2026-07-30 17:44:25.9466667;NULL;0;uploads/products/default.png
452;JDYP1E20;NULL;1/2 inch PVC hose;خرطوم 20 متر 1/2 بوصة;"20Mx1/2 inch; 5-ply construction; Thickness:1.7mm; Packed by paper hanger | Unit: PCS | Catalog Qty/Carton: 5";655.20;504.00;1;1;1;1;1;2026-07-30 17:44:25.9466667;NULL;0;uploads/products/default.png
453;JDYP1E12;NULL;1/2 inch PVC hose;خرطوم 50 متر 1/2 بوصة;"50Mx1/2 inch; 5-ply construction; Thickness:1.7mm; Packed by paper hanger | Unit: PCS | Catalog Qty/Carton: 2";1241.50;955.00;1;1;1;1;1;2026-07-30 17:44:25.9466667;NULL;0;uploads/products/default.png
454;JDHJ1510;NULL;Hydraulic bottle jack;كوريك باكم 10 طن;"10Ton; Min height:190mm; Lifting height:110mm; Adjustable Height:60mm; Weight:5.35KG | Unit: PCS | Catalog Qty/Carton: 4";1086.80;836.00;1;1;1;1;1;2026-07-30 17:44:25.9466667;NULL;0;uploads/products/default.png
455;JDHJ1520;NULL;Hydraulic bottle jack;كوريك باكم 20 طن;"20Ton; Min height:220mm; Lifting height:140mm; Adjustable Height:60mm; Weight:8.28KG | Unit: PCS | Catalog Qty/Carton: 2";1666.60;1282.00;1;1;1;1;1;2026-07-30 17:44:25.9466667;NULL;0;uploads/products/default.png
456;JDHJ25021;NULL;Hydraulic floor jack;كوريك تمساح 2 طن شنطة بلاستيك;"2Ton; Min height:130mm; Max height:300mm; Travel:170mm; Net weight:6.8kg; Packed by BMC | Unit: PCS | Catalog Qty/Carton: 1";1639.30;1261.00;1;1;1;1;1;2026-07-30 17:44:25.9466667;NULL;0;uploads/products/default.png
457;JDHJ25251;NULL;Hydraulic floor jack;كوريك تمساح 2.5 طن 12.6 كجم خدمة شاقة شنطة بلاستيك;"2.5Ton; Min height:85mm; Max height:380mm; Travel:295mm; Weight:12.6KG | Unit: PCS | Catalog Qty/Carton: 1";2715.70;2089.00;1;1;1;1;1;2026-07-30 17:44:25.9466667;NULL;0;uploads/products/default.png
458;JDHJ2503;NULL;Hydraulic garage jack;كوريك تمساح 3 طن وزن 28.9 كجم خدمة شاقة;"3Ton; Min height:130mm; Max height:465mm; Travel:335mm; Weight:28.9KG | Unit: PCS | Catalog Qty/Carton: 1";5691.40;4378.00;1;1;1;1;1;2026-07-30 17:44:25.9466667;NULL;0;uploads/products/default.png
459;JDWB9A15;NULL;Foldable platform hand truck;عربة يدوية قابلة للطي تتحمل حتي 150 كجم الحجم الممتد 950x420x710 مم الحجم المطوي 530x420x530 مم;"Load capacity:150kg; Material:Aluminium+steel; Extended size:710x420x950mm; Folded size:530x420x230mm; Wheels:100mm(PP+TPR); Including elastic bungee cord | Unit: PCS | Catalog Qty/Carton: 1";2285.40;1758.00;1;1;1;1;1;2026-07-30 17:44:25.9466667;NULL;0;uploads/products/default.png
460;JDNH1R20;NULL;Hand pallet truck;عربية باليتة 2 طن - خدمة شاقة مقاس 1150*550 مم;"Load capacity:2000kg; Fork size:550*1150mm; Min fork height:75mm; Max fork height:190mm; Distance between forks:250mm; Fork width:150mm; Polyurethane wheel | Unit: PCS | Catalog Qty/Carton: 6";12025.00;9250.00;1;1;1;1;1;2026-07-30 17:44:25.9466667;NULL;0;uploads/products/default.png
461;JDPD5560L;NULL;Long shackle iron padlock;قفل حديد 63 مم 400 جم - سليندر نحاس - حلقة طويلة;"Long lock beam; Size:63mm; Weight:400g; Lock body material:iron; Brass lock cylinder; With 3 pcs iron keys | Unit: PCS | Catalog Qty/Carton: 48";123.50;95.00;1;1;1;1;1;2026-07-30 17:44:25.9466667;NULL;0;uploads/products/default.png
462;JDPD5575L;NULL;Long shackle iron padlock;قفل حديد 75 مم وزن 660 جم سليندر نحاس - حلقة طويلة;"Long lock beam; Size:75mm; Weight:660g; Lock body material:iron; Brass lock cylinder; With 3 pcs iron keys | Unit: PCS | Catalog Qty/Carton: 36";193.70;149.00;1;1;1;1;1;2026-07-30 17:44:25.9466667;NULL;0;uploads/products/default.png
463;JDPDD470;NULL;Stainless steel disc padlock;قفل دائري 70 مم ستانلس ستيل وزن 440 جم سليندر نحاس;"Size:70mm; Weight:555g; Lock body material:stainless steel; Steel close shackle; Brass lock cylinder; Super polished surface; With 2 pcs iron keys | Unit: PCS | Catalog Qty/Carton: 72";211.90;163.00;1;1;1;1;1;2026-07-30 17:44:25.9466667;NULL;0;uploads/products/default.png
464;JDPD8460;NULL;Anti-prying steel padlock;قفل 60 مم حديد - وزن 440 جم ضد السرقة;"Anti-prying; Size:60mm; Weight:440g; Lock body material:iron; Brass lock cylinder; Special lock cylinder design; With 4 pcs iron keys | Unit: PCS | Catalog Qty/Carton: 36";235.30;181.00;1;1;1;1;1;2026-07-30 17:44:25.9466667;NULL;0;uploads/products/default.png
465;JDEC1503;NULL;Electronic scale;ميزان إلكتروني ديجيتال حمولة 30 كجم;"Charging voltage:220-240V 50/60Hz; Max weight:30kg; With 2g graduation; Display:LED screen; Table size:235*190mm; 10 Seconds enter into Energy-saving mode | Unit: PCS | Catalog Qty/Carton: 10";1125.80;866.00;1;1;1;1;1;2026-07-30 17:44:25.9466667;NULL;0;uploads/products/default.png
466;JDEC1510;NULL;Electronic scale;ميزان كهربائي ديجيتال حمولة 100 كجم;"Charging voltage:220-240V 50/60Hz; Max weight:100kg; With 20g graduation; Display:LED screen; Table size:300*400mm | Unit: PCS | Catalog Qty/Carton: 1";2009.80;1546.00;1;1;1;1;1;2026-07-30 17:44:25.9466667;NULL;0;uploads/products/default.png
467;JDAS4910;NULL;Tin snip;مقص صاج موديل أمريكي 10 بوصة;"Size:10 inch/250mm; Max cutting thickness: Carbon steel <=0.8mm, Stainless steel <=0.6mm; Drop-forged steel; Double dipped grip handle | Unit: PCS | Catalog Qty/Carton: 36";189.80;146.00;1;1;1;1;1;2026-07-30 17:44:25.9466667;NULL;0;uploads/products/default.png
468;JDHW7G12;NULL;Pruning saw;منشار شرشرة 12 بوصة يد كاوتش;"Size:12 inch/300mm; Material:65Mn; 6TPI; Triple teeth(Precision ground teeth 3 edges); Fast cut | Unit: PCS | Catalog Qty/Carton: 48";166.40;128.00;1;1;1;1;1;2026-07-30 17:44:25.9466667;NULL;0;uploads/products/default.png
469;JDWK2134;NULL;Garden rake;شوكة زراعة يد كاوتش 3 سنون 10 بوصة;"Length:240mm; Ancho:100mm; Blade with powder coating; PP handle | Unit: PCS | Catalog Qty/Carton: 48";97.50;75.00;1;1;1;1;1;2026-07-30 17:44:25.9466667;NULL;0;uploads/products/default.png
470;JDPR2301;NULL;Hedge shear;مقص أسوار يد معدن مقاس 22 بوصة;"Length:550mm/22 inch; Material:55# carbon steel; Straight blade for exact shaping and precise cutting results; Heat treatment blade | Unit: PCS | Catalog Qty/Carton: 10";296.40;228.00;1;1;1;1;1;2026-07-30 17:44:25.9466667;NULL;0;uploads/products/default.png
471;JDRS1820;NULL;Pressure sprayer;بخاخة مياه سعة 2 لتر;"2L; Metal pump lever; Pressure:2.5BAR; Press and release function; Adjustable nozzle with straight jet and mist spray | Unit: PCS | Catalog Qty/Carton: 20";166.40;128.00;1;1;1;1;1;2026-07-30 17:44:25.9466667;NULL;0;uploads/products/default.png
472;JDKS1520;NULL;Knapsack sprayer;بخاخة مياه سعة 20 لتر;"20L; Fiber glass lance; Pressure:4.5BAR; Adjustable nozzle from jet to mist; Large container designed for spraying larger areas | Unit: PCS | Catalog Qty/Carton: 1";994.50;765.00;1;1;1;1;1;2026-07-30 17:44:25.9466667;NULL;0;uploads/products/default.png
473;JDSN1E03;NULL;Plastic trigger nozzle;مسدس مياه ضغط عالي بوز صغير;"3-Way Plastic Nozzle; TPR insulated comfortable soft grip; Nylon lever | Unit: PCS | Catalog Qty/Carton: 48";94.90;73.00;1;1;1;1;1;2026-07-30 17:44:25.9466667;NULL;0;uploads/products/default.png
474;JDNE8E34;NULL;Plastic trigger nozzle;مسدس مياه ضغط عالي بوز وسط;"Adjustable 3-Way plastic trigger nozzle; Trigger lock helps continuous water flow; Flow control regulates water flow; High impact ABS body with anti-slip TPR handle | Unit: PCS | Catalog Qty/Carton: 48";101.40;78.00;1;1;1;1;1;2026-07-30 17:44:25.9466667;NULL;0;uploads/products/default.png
475;JDSN1E07;NULL;Plastic trigger nozzle;مسدس مياه ضغط عالي بوز كبير;"7-spray patterns; TPR insulated comfortable soft grip; Nylon Lever | Unit: PCS | Catalog Qty/Carton: 48";123.50;95.00;1;1;1;1;1;2026-07-30 17:44:25.9500000;NULL;0;uploads/products/default.png
476;JDCE1401;NULL;Wire cup brush;فرشة كباية حرة مقاس 3 بوصة M14;"Diameter:75mm(3 inch); Thread:M14X2; Wire dia:0.3mm; Wire length:23mm; RPM:12500r/min; Apply on: planing, deburring, edge honing, descaling/paint stripping, weld seams | Unit: PCS | Catalog Qty/Carton: 80";63.70;49.00;1;1;1;1;1;2026-07-30 17:44:25.9500000;NULL;0;uploads/products/default.png
477;JDAC1351;NULL;Abrasive metal cutting disc;حجر بسكوته فلات 5 بوصة *1 حديد/ستانلس;"125mm(5 inch)*1.0mm*22.2mm; Flat centre; Cutting disc for metal and inox | Unit: PCS | Catalog Qty/Carton: 400";14.30;11.00;1;1;1;1;1;2026-07-30 17:44:25.9500000;NULL;0;uploads/products/default.png
478;JDAC1371;NULL;Abrasive metal cutting disc;حجر بسكوته فلات 7 بوصة *1.6 حديد- ستانلس;"180mm(7 inch)*1.6mm*22.2mm; Flat centre; Cutting disc for metal and inox | Unit: PCS | Catalog Qty/Carton: 50";36.40;28.00;1;1;1;1;1;2026-07-30 17:44:25.9500000;NULL;0;uploads/products/default.png
479;JDAC1391;NULL;Abrasive metal cutting disc;حجر بسكوته 9 بوصة *1.9مم حديد- نحاس;"230mm(9 inch)*1.9mm*22.2mm; Flat centre; Cutting disc for metal and inox | Unit: PCS | Catalog Qty/Carton: 50";49.40;38.00;1;1;1;1;1;2026-07-30 17:44:25.9500000;NULL;0;uploads/products/default.png
480;JDTD6B02;NULL;9 Pcs HSS twist drill bits set;طقم بنط حدادي 9 قطع 2:10 مم;"HSS drill bit; 9 Pcs HSS twist drill bits set: 2mm,3mm,4mm,5mm,6mm,7mm,8mm,9mm,10mm; Suitable for metal drilling operations | Unit: SET | Catalog Qty/Carton: 24";236.60;182.00;1;1;1;1;1;2026-07-30 17:44:25.9500000;NULL;0;uploads/products/default.png
481;JDSV0K12;NULL;Screwdriver bits;طقم سن مفك 2 قطعة صليبة/صليبة;"PH2+PH2,65mm,Double end bits,2pcs/set; CR-V,hardened and tempered; Sandblasted surface | Unit: SET | Catalog Qty/Carton: 300";19.50;15.00;1;1;1;1;1;2026-07-30 17:44:25.9500000;NULL;0;uploads/products/default.png
482;JDSV4K64;NULL;Impact screwdriver bits;طقم سن مفك 2 قطعة صليبة طويل;"Impact Screwdriver bit PH2 150mm; 2pcs/set; With high visibility sleeve; S2 industrial steel; Black surface with magnet | Unit: SET | Catalog Qty/Carton: 200";59.80;46.00;1;1;1;1;1;2026-07-30 17:44:25.9500000;NULL;0;uploads/products/default.png
483;JDTP2903;NULL;Test pencil;مفك تيست عادة 3*140 مم;"Test Voltage:AC 100-250V; Slotted size:3x140mm; Packed by plastic bag | Unit: PCS | Catalog Qty/Carton: 600";23.40;18.00;1;1;1;1;1;2026-07-30 17:44:25.9500000;NULL;0;uploads/products/default.png
484;JDTP2904;NULL;Test pencil;مفك تيست عادة 4*190 مم;"Test Voltage:AC 100-250V; Slotted size:4x190mm; Packed by plastic bag | Unit: PCS | Catalog Qty/Carton: 480";28.60;22.00;1;1;1;1;1;2026-07-30 17:44:25.9500000;NULL;0;uploads/products/default.png
485;JDSD4921;NULL;Phillips screwdriver;مفك صليبة كربيراتير عجوز PH2*38mm;"40CR,PH2,Round shank; Diameter:6.0mm; Length:38mm; Packed by plastic hanger | Unit: PCS | Catalog Qty/Carton: 240";15.60;12.00;1;1;1;1;1;2026-07-30 17:44:25.9500000;NULL;0;uploads/products/default.png
486;JDSDB221;NULL;Phillips screwdriver;مفك صليبة كربيراتير عجوز PH2*38mm 2 لون مغناطيسي;"Blade material:S2; Tip type:phillips PH2(magnetic); Blade length:38mm; Blade diameter:6.0mm; Handle material:two-color ergonomic; With strong magnetic | Unit: PCS | Catalog Qty/Carton: 240";33.80;26.00;1;1;1;1;1;2026-07-30 17:44:25.9500000;NULL;0;uploads/products/default.png
487;JDSD2225;NULL;Phillips screwdriver;مفك صليبة 2 لون ممغنط 125 ملي;"Tip type:phillips; Tip size:PH2; Diameter:6.0mm; Length:125mm; Material:Cr-V steel; Blade finish:black tip; Magnetised tip; Comfortable soft grip handle | Unit: PCS | Catalog Qty/Carton: 144";31.20;24.00;1;1;1;1;1;2026-07-30 17:44:25.9500000;NULL;0;uploads/products/default.png
488;JDSD2224;NULL;Phillips screwdriver;مفك صليبه 100x6 مم;"Tip type:phillips; Tip size:PH2; Diameter:6.0mm; Length:100mm; Material:Cr-V steel; Blade finish:black tip; Magnetised tip | Unit: PCS | Catalog Qty/Carton: 144";28.60;22.00;1;1;1;1;1;2026-07-30 17:44:25.9500000;NULL;0;uploads/products/default.png
489;JDSD2226;NULL;Phillips screwdriver;مفك صليبه 150x6 مم;"Tip type:phillips; Tip size:PH2; Diameter:6.0mm; Length:150mm; Material:Cr-V steel; Blade finish:black tip; Comfortable soft grip handle | Unit: PCS | Catalog Qty/Carton: 144";32.50;25.00;1;1;1;1;1;2026-07-30 17:44:25.9500000;NULL;0;uploads/products/default.png
490;JDSS8608;NULL;8 in 1 stubby ratchet screwdriver set;طقم مفك متعدد 8×1;"8 in 1 stubby ratchet screwdriver set; Material:Cr-V; Includes 1 Pcs ratchet handle, 7 Pcs 1/4 inch*25mm screwdriver bits: SL5,SL6,PH0,PH1,PH2,T10,T20 | Unit: SET | Catalog Qty/Carton: 80";93.60;72.00;1;1;1;1;1;2026-07-30 17:44:25.9500000;NULL;0;uploads/products/default.png
491;JDSS1B10;NULL;10 Pcs interchangeable screwdriver set;مفك قلاب 9*1 يد كاوتش عادة و صليبة و كلبسات يد 2 لون;"10 Pcs interchangeable screwdriver set; Material:Cr-V; Includes SL3,SL5,SL6,PH0,PH1,PH2 x65mm screwdrivers, tack remover, scratch awl | Unit: SET | Catalog Qty/Carton: 44";157.30;121.00;1;1;1;1;1;2026-07-30 17:44:25.9500000;NULL;0;uploads/products/default.png
492;JDSS1202;NULL;2 Pcs screwdriver set;طقم مفكات كربيراتير 2 ق PH2*38mm SL6.5*38mm;"2 Pcs screwdriver set; Material:CR-V Round shank; SL6.5*38mm, PH2*38mm; Packed by plastic hanger | Unit: SET | Catalog Qty/Carton: 80";44.20;34.00;1;1;1;1;1;2026-07-30 17:44:25.9500000;NULL;0;uploads/products/default.png
493;JDSS1204;NULL;4 Pcs screwdriver set;طقم مفكات 4 قطع يد كاوتش 2 لون عادة + صليبة;"4 Pcs screwdriver set; Material:CR-V Round shank; SL5.5*75,SL6.5*100,PH1*75,PH2*100 | Unit: SET | Catalog Qty/Carton: 40";110.50;85.00;1;1;1;1;1;2026-07-30 17:44:25.9500000;NULL;0;uploads/products/default.png
494;JDSS1206;NULL;6 Pcs screwdriver set;طقم مفكات 6 قطع يد كاوتش 2 لون عادة + صليبة;"6 Pcs screwdriver set; Material:CR-V Round shank; SL3*75,SL5.5*100,SL6.5*100,PH0*75,PH1*100,PH2*100 | Unit: SET | Catalog Qty/Carton: 36";149.50;115.00;1;1;1;1;1;2026-07-30 17:44:25.9500000;NULL;0;uploads/products/default.png
495;JDSS2408;NULL;8 Pcs screwdriver set;طقم مفكات 8 قطع يد بلاستيك عادة + صليبة;"8 Pcs screwdriver set; Material:40cr Round shank; SL6.5*38,PH2*38,SL3*75,SL5.5*75,SL6.5*100,PH0*75,PH1*75,PH2*100 | Unit: SET | Catalog Qty/Carton: 36";133.90;103.00;1;1;1;1;1;2026-07-30 17:44:25.9500000;NULL;0;uploads/products/default.png
496;JDSS2410;NULL;10 Pcs screwdriver set;طقم مفكات 10 قطع عادة - صليبة يد بلاستيك;"10 Pcs screwdriver set; Material:40cr Round shank; SL3*75,SL5.5*100,SL6.5*100,SL8*150,SL6.5*38,PH0*75,PH1*100,PH2*100,PH3*150,PH2*38 | Unit: SET | Catalog Qty/Carton: 24";218.40;168.00;1;1;1;1;1;2026-07-30 17:44:25.9500000;NULL;0;uploads/products/default.png
497;JDSS1416;NULL;16 Pcs screwdriver set;طقم مفكات 16 قطعة يد 2 لون مغناطيسي عادة + صليبة;"16 Pcs Screwdriver set; New design handle; Material:Cr-V; Includes slotted and phillips screwdrivers in various sizes | Unit: SET | Catalog Qty/Carton: 10";284.70;219.00;1;1;1;1;1;2026-07-30 17:44:25.9500000;NULL;0;uploads/products/default.png
498;JDSS1J31;NULL;31-In-1 precision screwdriver set;طقم مفك متعدد 31 قطعة;"31-In-1 Screwdriver set; Material:Cr-V; Includes 1pcs two color soft handle, 30pcs 4X28mm bits (slotted, phillips, hex, torx, tri-wing, y-type, five star, scratch awl) | Unit: SET | Catalog Qty/Carton: 36";135.20;104.00;1;1;1;1;1;2026-07-30 17:44:25.9500000;NULL;0;uploads/products/default.png
499;JDSS1430;NULL;30 Pcs screwdriver set;طقم مفكات 30 قطعة عادة صليبة + سنون مفك;"30 Pcs screwdriver set; Material:CR-V; With 1pcs 1/4 inch*100mm screwdriver magnetic shank, 20pcs c-rv 4*25mm screwdriver bits, plus 6 individual screwdrivers | Unit: SET | Catalog Qty/Carton: 20";254.80;196.00;1;1;1;1;1;2026-07-30 17:44:25.9500000;NULL;0;uploads/products/default.png
500;JDSS8B43;NULL;43 Pcs Screwdriver bits set;طقم يد مفك سيستيم 43 قطعة لقم 1/4 بوصة + سنون مفك علبة بلاستيك;"43 Pcs screwdriver set; Material:CR-V; 18Pcs 1/4 inch X25mm bits, 12Pcs 4X28mm precision bits, bits adaptor, 9Pcs 1/4 inch X20.5mm sockets, bits holder, ratchet handle | Unit: SET | Catalog Qty/Carton: 24";358.80;276.00;1;1;1;1;1;2026-07-30 17:44:25.9500000;NULL;0;uploads/products/default.png
501;JDSS8B45;NULL;45 Pcs T-handle wrench screwdriver set;طقم يد حرف T مفك سيستيم 45 قطعة لقم 1/4 بوصة + سنون مفك علبة بلاستيك;"45 Pcs T-handle wrench screwdriver set; Material:CR-V; 36Pcs 1/4 inch X25mm screwdriver bits, 6Pcs 1/4 inch X20.5mm socket, adaptor, bits holder, T-ratchet handle | Unit: SET | Catalog Qty/Carton: 24";349.70;269.00;1;1;1;1;1;2026-07-30 17:44:25.9500000;NULL;0;uploads/products/default.png
502;JDPL0954;NULL;Mini long nose pliers;بنسة بوز عدلة إلكتروني 4.5 بوصة;"Size:4.5 inch/115mm; Polish and anti-rust oil; With plastic handle | Unit: PCS | Catalog Qty/Carton: 120";66.30;51.00;1;1;1;1;1;2026-07-30 17:44:25.9500000;NULL;0;uploads/products/default.png
503;JDPL2926;NULL;Long nose pliers;بنسة بوز طويل عدلة 6 بوصة يد 1 لون;"Size:6 inch/160mm; Material:carbon steel; Surface treatment:polish and anti-rust oil; One color handle | Unit: PCS | Catalog Qty/Carton: 60";89.70;69.00;1;1;1;1;1;2026-07-30 17:44:25.9500000;NULL;0;uploads/products/default.png
504;JDPL2C08;NULL;Long nose pliers;بنسة بوز طويل عدلة 8 بوصة يد 2 لون;"Size:8 inch/200mm; Material:carbon steel; Surface treatment:polish and anti-rust oil; Two color handle | Unit: PCS | Catalog Qty/Carton: 36";132.60;102.00;1;1;1;1;1;2026-07-30 17:44:25.9500000;NULL;0;uploads/products/default.png
505;JDPL2718;NULL;High leverage long nose pliers;بنسة بوز طويل عدلة 8 بوصة يد 2 لون خدمة شاقة;"Size:8 inch/200mm; Energy saving 30% than normal pliers; Material:Cr-V; With nail holder function; With spanner function | Unit: PCS | Catalog Qty/Carton: 36";157.30;121.00;1;1;1;1;1;2026-07-30 17:44:25.9500000;NULL;0;uploads/products/default.png
506;JDPL3927;NULL;Diagonal cutting pliers;قصافة جانبية 7 بوصة يد 1 لون;"Size:7 inch/180mm; Material:carbon steel; Surface treatment:polish and anti-rust oil; One color handle | Unit: PCS | Catalog Qty/Carton: 60";109.20;84.00;1;1;1;1;1;2026-07-30 17:44:25.9500000;NULL;0;uploads/products/default.png
507;JDPL7C07;NULL;Heavy-duty diagonal cutting pliers;قصافة 7 بوصة يد 2 لون-خدمة شاقة;"Size:7 inch/180mm; Material:carbon steel; Surface treatment:polish and anti-rust oil; Two color handle | Unit: PCS | Catalog Qty/Carton: 36";135.20;104.00;1;1;1;1;1;2026-07-30 17:44:25.9500000;NULL;0;uploads/products/default.png
508;JDPL3717;NULL;High leverage diagonal cutting pliers;قصافة جانبية خدمة شاقة 7 بوصة يد 2 لون;"Size:7 inch/180mm; Energy saving 30% than normal pliers; Material:Cr-V; With deburring function | Unit: PCS | Catalog Qty/Carton: 36";159.90;123.00;1;1;1;1;1;2026-07-30 17:44:25.9500000;NULL;0;uploads/products/default.png
509;JDPL3716;NULL;High leverage diagonal cutting pliers;قصافه 6 بوصه خدمة شاقة;"Size:6 inch/160mm; Energy saving 30% than normal pliers; Surface treatment:black finish and polish; With deburring function | Unit: PCS | Catalog Qty/Carton: 36";128.70;99.00;1;1;1;1;1;2026-07-30 17:44:25.9500000;NULL;0;uploads/products/default.png
510;JDPL7717;NULL;High leverage heavy-duty diagonal cutting pliers;قصافة جانبية فك عريض خدمة شاقة 7 بوصة يد 2 لون;"Size:7 inch/180mm; Energy saving 30% than normal pliers; Material:Cr-V; With deburring function | Unit: PCS | Catalog Qty/Carton: 36";169.00;130.00;1;1;1;1;1;2026-07-30 17:44:25.9500000;NULL;0;uploads/products/default.png
511;JDPL7718;NULL;High leverage heavy-duty diagonal cutting pliers;قصافة جانبية خدمة شاقة 8 بوصة يد 2 لون;"Size:8 inch/200mm; Energy saving 30% than normal pliers; Material:Cr-V; With deburring function | Unit: PCS | Catalog Qty/Carton: 36";176.80;136.00;1;1;1;1;1;2026-07-30 17:44:25.9500000;NULL;0;uploads/products/default.png
512;JDPL1928;NULL;Combination pliers;ذرادية 8 بوصة يد 1 لون;"Size:8 inch/200mm; Material:carbon steel; Surface treatment:polish and anti-rust oil; One color handle | Unit: PCS | Catalog Qty/Carton: 60";114.40;88.00;1;1;1;1;1;2026-07-30 17:44:25.9500000;NULL;0;uploads/products/default.png
513;JDPL1717;NULL;High leverage combination pliers;ذرادية 7 بوصة يد 2 لون خدمة شاقة;"Size:7 inch/180mm; Energy saving 30% than normal pliers; With nail holder, spanner, and deburring functions | Unit: PCS | Catalog Qty/Carton: 36";163.80;126.00;1;1;1;1;1;2026-07-30 17:44:25.9500000;NULL;0;uploads/products/default.png
514;JDPL2778;NULL;Multi-function long nose pliers;بنسة بوز طويل 8 بوصة متعددة الإستخدامات 6*1 يد 2 لون خدمة شاقة;"6-in-1 Multi-function long nose pliers; Size:8 inch/200mm; Energy saving 30% than normal pliers; Material:Cr-V; Multi-purpose design | Unit: PCS | Catalog Qty/Carton: 36";245.70;189.00;1;1;1;1;1;2026-07-30 17:44:25.9500000;NULL;0;uploads/products/default.png
515;JDPL2768;NULL;Compound action long nose pliers;بنسة بوز طويل 8.5 بوصة متعددة الإستخدامات 3*1 يد 2 لون خدمة شاقة;"Size:8.5 inch/215mm; Energy saving 65% than normal pliers; Material:Cr-V; With nail holder function; With spanner function | Unit: PCS | Catalog Qty/Carton: 36";223.60;172.00;1;1;1;1;1;2026-07-30 17:44:25.9500000;NULL;0;uploads/products/default.png
516;JDPL1768;NULL;Compound action combination pliers;ذرادية 8 بوصة متعددة الإستخدامات يد 2 لون خدمة شاقة;"Size:8 inch/200mm; Energy saving 65% than normal pliers; Material:Cr-V; With nail holder, spanner and deburring functions | Unit: PCS | Catalog Qty/Carton: 36";230.10;177.00;1;1;1;1;1;2026-07-30 17:44:25.9500000;NULL;0;uploads/products/default.png
517;JDPL5685;NULL;Wire stripper;بنسة ترامل متعدد الاستخدامات مقاس 8.5 بوصة 5*1;"Size:8.5 inch/215mm; With sharp edge for cutting wire; With push down wire function; With wire stripping function; Can strip seven kinds of wire sizes | Unit: PCS | Catalog Qty/Carton: 72";152.10;117.00;1;1;1;1;1;2026-07-30 17:44:25.9500000;NULL;0;uploads/products/default.png
518;JDPS0623;NULL;3 Pcs pliers set;طقم بنس 3 قطع ذرادية 6 بوصة + قصافة جانبية 6 بوصة + بنسة بوز 6 بوصة خدمة شاقة;"Includes 6 inch Combination pliers, 6 inch Long nose pliers, 6 inch Diagonal cutting pliers; Polish and anti-rust oil; One color handle | Unit: SET | Catalog Qty/Carton: 20";291.20;224.00;1;1;1;1;1;2026-07-30 17:44:25.9533333;NULL;0;uploads/products/default.png
519;JDPS0603;NULL;3Pcs pliers set;طقم بنس 3 قطع ذرادية 7 بوصة + قصافة جانبية 6 بوصة + بنسة بوز 6 بوصة يد 2 لون;"Includes 7 inch Combination pliers, 6 inch Long nose pliers, 6 inch Diagonal cutting pliers; Two color handle | Unit: SET | Catalog Qty/Carton: 20";335.40;258.00;1;1;1;1;1;2026-07-30 17:44:25.9533333;NULL;0;uploads/products/default.png
520;JDPS0605;NULL;5 Pcs Pliers set;طقم بنس 5 قطع ذرادية 6 بوصة + قصافة جانبية 6 بوصة + بنسة بوز 6 بوصة + ذرادية 4.5 بوصة + قصافة 4.5 بوصة يد بلاستيك واحد لون;Includes 6 inch Combination, Long nose, Diagonal cutting pliers plus 4.5 inch Mini combination and Mini diagonal cutting pliers | Unit: SET | Catalog Qty/Carton: 20;408.20;314.00;1;1;1;1;1;2026-07-30 17:44:25.9533333;NULL;0;uploads/products/default.png
521;JDPS0413;NULL;Multi-function pliers set;طقم بنس خدمة شاقة 3 قطع ذرادية 8 بوصة متعددة 7*1 / قصافة جانبية 8 بوصة متعددة 4*1 / بنسة بوز 8 بوصة متعددة 6*1 خدمة شاقة يد 2 لون;"3Pcs/set includes: 7-in-1 multi-function combination pliers, 6-in-1 multi-function long nose pliers, 4-in-1 multi-function diagonal cutting pliers; Energy saving 30%; Material:Cr-V | Unit: SET | Catalog Qty/Carton: 20";670.80;516.00;1;1;1;1;1;2026-07-30 17:44:25.9533333;NULL;0;uploads/products/default.png
522;JDPL6410;NULL;Slip joint pliers;بنسة جاز فورد عدلة 10 بوصة يد 1 لون;"Size:10 inch/250mm; Polish and anti-rust oil; Packed by PP hanger | Unit: PCS | Catalog Qty/Carton: 60";152.10;117.00;1;1;1;1;1;2026-07-30 17:44:25.9533333;NULL;0;uploads/products/default.png
523;JDPL6910;NULL;Pump pliers;بنسة غراب 10 بوصة يد 2 لون;"Size:10 inch/250mm; Max clamping open:40mm; Polish and anti-rust oil; Two color handle | Unit: PCS | Catalog Qty/Carton: 36";169.00;130.00;1;1;1;1;1;2026-07-30 17:44:25.9533333;NULL;0;uploads/products/default.png
524;JDBQ4601;NULL;Automatic wire stripper;قشارة سلك أوتوماتيك 3*1 متعددة الاستخدامات;"3 in 1 multi-function; Stripping,cutting and crimping; Stripping wires range:10AWG~24AWG(0.2~6mm2); Crimping function for various terminal sizes; Durable and comfortable handle | Unit: PCS | Catalog Qty/Carton: 48";313.30;241.00;1;1;1;1;1;2026-07-30 17:44:25.9533333;NULL;0;uploads/products/default.png
525;JDLP1110;NULL;Curved jaw locking plier;كلابه مجوفة 10 بوصة;"Size:10 inch; Openings range:0-45mm; Carbon steel; HRC38-HRC48; Nickel plated | Unit: PCS | Catalog Qty/Carton: 40";136.50;105.00;1;1;1;1;1;2026-07-30 17:44:25.9533333;NULL;0;uploads/products/default.png
526;JDLP1C02;NULL;Curved jaw locking plier;كلابة مجوفة 10 بوصة خدمة شاقة;"Size:10 inch; Material:Cr-V; Openings range:0-43mm; Hardened steel:HRC45-HRC60; Nickel plated | Unit: PCS | Catalog Qty/Carton: 30";226.20;174.00;1;1;1;1;1;2026-07-30 17:44:25.9533333;NULL;0;uploads/products/default.png
527;JDMT4340;NULL;Steel measuring tape;متر قياس 7.5 متر 25 مم شريط إتجاه واحد سلاح أصفر;"Length & width:7.5mx25mm; Double buttons; With metric and inch | Unit: PCS | Catalog Qty/Carton: 48";115.70;89.00;1;1;1;1;1;2026-07-30 17:44:25.9533333;NULL;0;uploads/products/default.png
528;JDSL2G30;NULL;Spirit level;ميزان مياة 2 عين 30 سم;"Length:30cm; Aluminum thickness:1mm | Unit: PCS | Catalog Qty/Carton: 40";76.70;59.00;1;1;1;1;1;2026-07-30 17:44:25.9533333;NULL;0;uploads/products/default.png
529;JDSL2G80;NULL;Spirit level;ميزان مياة 2 عين 80 سم;"Length:80cm; Aluminum thickness:1mm | Unit: PCS | Catalog Qty/Carton: 20";166.40;128.00;1;1;1;1;1;2026-07-30 17:44:25.9533333;NULL;0;uploads/products/default.png
530;JDSL2G100;NULL;Spirit level;ميزان مياة 2 عين 100 سم;"Length:100cm; Aluminum thickness:1mm | Unit: PCS | Catalog Qty/Carton: 20";197.60;152.00;1;1;1;1;1;2026-07-30 17:44:25.9533333;NULL;0;uploads/products/default.png
531;JDTH6516;NULL;Rapid cross wrench;مفتاح صليبة عجل 16 بوصة يد بلاستيك 1/2 بوصة + 4 لقم مقاس 17-19-21-23 مم;"Driver size:1/2 inch; Size:16 inch(400mm); Wrench handle:275mm; Extension bar:400mm; With 2 pcs double-ended sockets (17/19mm)&(21/23mm); Material:CR-V | Unit: SET | Catalog Qty/Carton: 10";634.40;488.00;1;1;1;1;1;2026-07-30 17:44:25.9533333;NULL;0;uploads/products/default.png
532;JDSS2604;NULL;4Pcs Pick and Hook Set;طقم 4 شوكه مفكات;"4Pcs Pick and Hook Set; New design PP handle; Material:45# carbon steel; Full Hook, 45-degree, 90-degree, Straight Pick | Unit: SET | Catalog Qty/Carton: 100";75.40;58.00;1;1;1;1;1;2026-07-30 17:44:25.9533333;NULL;0;uploads/products/default.png
533;JDHK2281;NULL;Ball point hex key;طقم النكيه مطواه بليه 1.5-8 مم;"8 Pcs ball point hex key set; Size:1.5mm,2mm,2.5mm,3mm,4mm,5mm,6mm,8mm; Material:Cr-V; Heat treatment and chrome plate | Unit: SET | Catalog Qty/Carton: 96";115.70;89.00;1;1;1;1;1;2026-07-30 17:44:25.9533333;NULL;0;uploads/products/default.png
534;JDST2L24;NULL;24 Pcs 1/2 inch socket set;طقم لقم 1/2 بوصة بمفتاح سيستيم 24 قطعة 10:32 مم شنطة معدن;"24 Pcs 1/2 inch socket set; Includes 18 Pcs sockets 10-32mm, extension bars, sliding T-bar, universal joint, spark plug socket, quick ratchet handle; Material:Cr-V steel | Unit: SET | Catalog Qty/Carton: 4";1812.20;1394.00;1;1;1;1;1;2026-07-30 17:44:25.9533333;NULL;0;uploads/products/default.png
535;JDTH1E19;NULL;Open end swivel head socket spanner wrench;مفتاح ناحية بلدي و ناحية لقمة مشرشرة مقاس 19 مم طول 25 سم;"Combination flexible head wrench with 12 points socket; Size:19mm; Length:247mm; Wrench material:45# carbon steel; Chrome plated, matt finish | Unit: PCS | Catalog Qty/Carton: 48";159.90;123.00;1;1;1;1;1;2026-07-30 17:44:25.9533333;NULL;0;uploads/products/default.png
536;JDSP1205;NULL;5Pcs Combination spanner set;طقم مفتاح بلدي - مشرشر 5 قطع 8/10/12/13/14 مم;"5pcs combination spanner set; Size:8-14mm (8,10,12,13,14mm); Fine polished | Unit: SET | Catalog Qty/Carton: 24";214.50;165.00;1;1;1;1;1;2026-07-30 17:44:25.9533333;NULL;0;uploads/products/default.png
537;JDSP5205;NULL;5 Pcs Flexible ratchet spanner set;طقم مفتاح بلدي - مشرشر سيستيم 5 قطع 8-10-12-13-14 مم;"5 Pcs Flexible ratchet spanner set; High quality Cr-Mo ratchet; Size:8-14mm; Drop forged steel; Ratchet action wrenches; 180 degree pivoting head | Unit: SET | Catalog Qty/Carton: 24";561.60;432.00;1;1;1;1;1;2026-07-30 17:44:25.9533333;NULL;0;uploads/products/default.png
538;JDTH4208;NULL;L-angled socket wrench set;طقم مفاتيح بيبة 8 قطع حرف L من 8-19 مم;"L-Angled socket wrench set; 8pcs/set; Size:8,10,11,12,13,14,17,19mm; Material:CR-V; Heat treatment; Surface:chrome-plated | Unit: SET | Catalog Qty/Carton: 12";825.50;635.00;1;1;1;1;1;2026-07-30 17:44:25.9533333;NULL;0;uploads/products/default.png
539;JDCP1104;NULL;G clamp;زرجينه حرف G مقاس 4 بوصة;"Size:4 inch/100mm; Body cast iron; T-shaped thread | Unit: PCS | Catalog Qty/Carton: 36";131.30;101.00;1;1;1;1;1;2026-07-30 17:44:25.9533333;NULL;0;uploads/products/default.png
540;JDCP1106;NULL;G clamp;زرجينه حرف G مقاس 6 بوصة;"Size:6 inch/150mm; Body cast iron; T-shaped thread | Unit: PCS | Catalog Qty/Carton: 16";235.30;181.00;1;1;1;1;1;2026-07-30 17:44:25.9533333;NULL;0;uploads/products/default.png
541;JDCP1108;NULL;G clamp;زرجينه حرف G مقاس 8 بوصة;"Size:8 inch/200mm; Body cast iron; T-shaped thread | Unit: PCS | Catalog Qty/Carton: 12";305.50;235.00;1;1;1;1;1;2026-07-30 17:44:25.9533333;NULL;0;uploads/products/default.png
542;JDBV1A02;NULL;Bench vice;منجلة قاعدة متحركة زهر عصفورة مقاس 2 بوصة;"Swivel base Size:50mm; Body cast iron; With anvil | Unit: PCS | Catalog Qty/Carton: 10";455.00;350.00;1;1;1;1;1;2026-07-30 17:44:25.9533333;NULL;0;uploads/products/default.png
543;JDMB1310;NULL;Machinist hammer;شاكوش بناريج 1000 جرام يد خشب;"Weight:1000g; Drop-forged hammerhead; Heat treatment,45# carbon steel; Hardwood handle | Unit: PCS | Catalog Qty/Carton: 12";193.70;149.00;1;1;1;1;1;2026-07-30 17:44:25.9533333;NULL;0;uploads/products/default.png
544;JDCC1303;NULL;Concrete chisel;أجنة يدوي 10 مسمار;"Size:4mm*16mm*250mm; Material:45# carbon steel; Heat treatment | Unit: PCS | Catalog Qty/Carton: 36";76.70;59.00;1;1;1;1;1;2026-07-30 17:44:25.9533333;NULL;0;uploads/products/default.png
545;JDWC2204;NULL;4 Pcs wood chisel set;طقم أزاميل 4 قطع يد فايبر 6-12-19-25 مم;"4 pcs Wood Chisel Set; Width:6mm(1/4 inch),12mm(1/2 inch),19mm(3/4 inch),25mm(1 inch); Length:140mm | Unit: SET | Catalog Qty/Carton: 20";373.10;287.00;1;1;1;1;1;2026-07-30 17:44:25.9533333;NULL;0;uploads/products/default.png
546;JDTG3113;NULL;Tools bag;شنطة عدة قماش 13 بوصة;"Size:13 inch; Material:600D polyester; Size(L*W*H):33*21*18cm; Max load:8kg; Rigid frame for easy opening; With 3 pockets outside | Unit: PCS | Catalog Qty/Carton: 40";217.10;167.00;1;1;1;1;1;2026-07-30 17:44:25.9533333;NULL;0;uploads/products/default.png
547;JDTG3116;NULL;Tools bag;شنطة عدة قماش 16 بوصة;"Size:16 inch; Material:600D polyester; Size(L*W*H):41*29*21cm; Max load:12kg; Rigid frame for easy opening; With 3 pockets outside | Unit: PCS | Catalog Qty/Carton: 20";331.50;255.00;1;1;1;1;1;2026-07-30 17:44:25.9533333;NULL;0;uploads/products/default.png
548;JDTG4100;NULL;Tools backpack;شنطة ظهر للعدة 18 بوصة;"Size:L34cm*W17cm*H45cm; Material:polyester oxford 600D; Max load:8kg; External pockets for additional storage capacity | Unit: PCS | Catalog Qty/Carton: 10";721.50;555.00;1;1;1;1;1;2026-07-30 17:44:25.9533333;NULL;0;uploads/products/default.png
549;JDTB1311;NULL;Plastic Organizer;شنطة منظم بلاستك 13.5 بوصة 12 عين;"Material:PP; Size:345mm*280mm*70mm; Built in wide handle; Removable cup compartments in 3 different sizes; With 12pcs removable cups | Unit: PCS | Catalog Qty/Carton: 6";306.80;236.00;1;1;1;1;1;2026-07-30 17:44:25.9533333;NULL;0;uploads/products/default.png
550;JDKR1G25;NULL;Sucker;شفاط زجاج 1 عين 25 كجم;"خامة اليد: ABS; أقصى قوة سحب: 25 كجم; قطر الكأس: 115مم; الوحدة: قطعة; عدد الكرتونة: 36";101.40;78.00;1;1;1;1;1;2026-07-30 17:44:25.9566667;NULL;0;\uploads\products\JDKR1G25.webp
551;JDKR1G50;NULL;Sucker;شفاط زجاج 2 عين 50 كجم;"Handle material:ABS; Max pull:50kg; Cup diameter:115mm | Unit: PCS | Catalog Qty/Carton: 18";193.70;149.00;1;1;1;1;1;2026-07-30 17:44:25.9566667;NULL;0;uploads/products/default.png
552;JDBP1102;NULL;Block plane;فارة جبسون بورد 10 بوصة;"Length:250mm; Plane body material:ABS; Replaceable high carbon steel blade; The rear screw is fixed to prevent the saw blade from shaking | Unit: PCS | Catalog Qty/Carton: 40";131.30;101.00;1;1;1;1;1;2026-07-30 17:44:25.9566667;NULL;0;uploads/products/default.png
553;Test-11;NULL;Test Product;منتج تجريبي;منتج 100/100;5000.00;4500.00;1;1;1;2;1;2026-08-04 15:57:44.4367729;2026-08-04 16:04:24.7200197;0;/uploads/products/Test-11.png
